{"cameraMode":{"drawMode":0,"name":"Shaded","section":"Shading Mode"},"sceneLighting":true,"audioPlay":false,"sceneViewState":{"m_AlwaysRefresh":false,"showFog":true,"showSkybox":true,"showFlares":true,"showImageEffects":true,"showParticleSystems":true,"showVisualEffectGraphs":true,"m_FxEnabled":false},"in2DMode":false,"pivot":{"x":0.0022870227694511415,"y":8.925491333007813,"z":1.278295874595642},"rotation":{"x":0.15620651841163636,"y":-0.5067915916442871,"z":0.09395511448383331,"w":0.8425796627998352},"size":19.408973693847658,"orthographic":false}