{"cameraMode":{"drawMode":0,"name":"Shaded","section":"Shading Mode"},"sceneLighting":true,"audioPlay":false,"sceneViewState":{"m_AlwaysRefresh":false,"showFog":true,"showSkybox":true,"showFlares":true,"showImageEffects":true,"showParticleSystems":true,"showVisualEffectGraphs":true,"m_FxEnabled":false},"in2DMode":false,"pivot":{"x":-1.104978084564209,"y":-35.26612091064453,"z":102.93476104736328},"rotation":{"x":-0.1660274863243103,"y":0.010941586457192898,"z":-0.0018461684230715037,"w":-0.9860633611679077},"size":59.973541259765628,"orthographic":false}